Title,Date
"Padmaavat","10/1/26"
"Mr. & Mrs. Smith","10/1/26"
"Taxi Driver","9/27/26"
"Musafir Cafe: Stay","9/25/26"
"Musafir Cafe: Arrival","9/25/26"
"Hasee Toh Phasee","9/25/26"
"Lucky Baskhar","9/25/26"
"Irumudi","9/25/26"
"Friends: Season 4: The One with the Embryos","9/16/26"
"Friends: Season 6: The One with Rachel's Sister","9/15/26"
"Outer Banks: Season 5: The Crossing","9/15/26"
"The Prestige","9/15/26"
"India’s Got Latent: Season 2: Episode 7 : Ft. Rakhi Sawant, Ashneer Grover, Kushagra Srivastava, Balraj Ghai","9/8/26"
"India’s Got Latent: Season 2: Episode 4 : Ft. Karan Aujla, Tanmay Bhat, Rahul Dua & Gurleen Pannuu","9/6/26"
"India’s Got Latent: Season 2: Exclusive Episode : Ft. Varun Dhawan, Medha Shankr, Nishant Tanwar, Sharon Verma","9/4/26"
"Friends: Season 6: The One with the Joke","8/30/26"
"Friends: Season 1: The One Where Monica Gets a Roommate (Pilot)","8/30/26"
"India’s Got Latent: Season 2: Episode 5 : Ft. Orry, Archana Puran Singh, Nishant Suri, Sharon Verma","8/30/26"
"Outer Banks: Season 1: Pilot","8/28/26"
"Grand Theft Auto VI: An Extended Look","8/27/26"
"Dune: Part Two","8/10/26"
"Border 2","8/6/26"
"Scarface","8/6/26"
"Ikka","8/5/26"
"The Lord of the Rings: The Fellowship of the Ring","8/4/26"
"Spider-Man: Far from Home","8/4/26"
"Tenet","8/2/26"
"Dune","7/26/26"
"BoJack Horseman: Season 1: Prickly-Muffin","7/26/26"
"BoJack Horseman: Season 1: BoJack Hates the Troops","7/25/26"
"VINLAND SAGA: Season 1: Episode 1","7/25/26"
"Monster: CHAPTER 1","7/25/26"
"India’s Got Latent: Season 2: Episode 2 : Ft. Chandan Prabhakar, Kiku Sharda & Harssh Limbachiyaa","7/7/26"
"Heat","6/21/26"
"Bad Boy Billionaires: India: Limited Series: The King of Good Times","6/19/26"
"If Wishes Could Kill: Limited Series: Episode 1","6/19/26"
