title,genres
Padmaavat,"Dramas, International Movies"
Mr. & Mrs. Smith,"Action & Adventure, Comedies"
Taxi Driver,"Dramas, International Movies"
Musafir Cafe,"Comedies, Dramas"
Hasee Toh Phasee,"Comedies, Dramas, International Movies"
Lucky Baskhar,"Dramas, International Movies"
Irumudi,"Dramas, International Movies"
Friends,"TV Comedies, Classic & Cult TV"
Outer Banks,"Teen TV Shows, TV Dramas"
The Prestige,"Dramas, Thrillers"
India’s Got Latent,TV Comedies
Grand Theft Auto VI: An Extended Look,Documentaries
Dune: Part Two,"Action & Adventure, Sci-Fi Movies"
Border 2,"Action & Adventure, Dramas, International Movies"
Scarface,"Classic Movies, Dramas"
Ikka,"Dramas, International Movies"
The Lord of the Rings: The Fellowship of the Ring,"Action & Adventure, Classic Movies"
Spider-Man: Far from Home,"Action & Adventure, Sci-Fi Movies"
Tenet,"Action & Adventure, Sci-Fi Movies"
Dune,"Action & Adventure, Sci-Fi Movies"
BoJack Horseman,"TV Comedies, Classic & Cult TV"
VINLAND SAGA,"Anime Series, International TV Shows"
Monster,"Anime Series, International TV Shows"
Heat,"Action & Adventure, Classic Movies, Dramas"
Bad Boy Billionaires: India,"British TV Shows, Docuseries, International TV Shows"
If Wishes Could Kill,Docuseries
